"id_vid","tags"
"247","anorexie maladie anorexique boulimie poids mincir psychologie aide conseils"
"2","festival Cannes people stars hotel palme films"
"3","cuisine interview atelier nutrition psychologie chef entreprise"
"4","Paris capitale bijoux mode tendance créations découverte accessoires"
"5","beauté soi-même confiance naturel mannequin modifications changements photoshop trucages corrections imperfections tricher"
"6","musique Julien Paterna myspace découverte chanteur artiste"
"7","cinéma Benjamin Button F. Scott Fitzgerald Brad Pitt"
"8","film Brad Pitt Cate Blanchett histoire reportage Benjamin Button"
"9","musique Live ateliers concert soirée sorties relooking Trucdenana"
"10","Manu-Larrouy chanteur culture actualité musique"
"11","film soirée TheClub acteurs anglais Angleterre videurs VIP"
"12","chansons musique Anais live Olympia taratata"
"13","musique chanson Sophie Delila soul voix"
"14","chanson Clarika garçon fille vestiaires"
"15","chanteuse Clarika clip album"
"16","danse classique Pietragalla spectacle hip-hop art culture contemporain"
"17","mode fashion tendance reportage interview marque créateur"
"18","culture musique Sia chanteuse album concert reportage"
"19","chanson musique chanteur Piers_Faccini PIERS FACCINI The wind that blows gospel soul folk clip"
"20","musique soul rap rnb Aysat Paris chanson chanteuse"
"21","dailymotion cuisinella anniversaire cuisine"
"22","Danette Danone casting publicité ludique insolite original"
"23","Danette Danone casting publicité ludique insolite original"
"24","clip chanson Tom Poisson album"
"25","groupe musique Kid Bombardos"
"26","bien-être environnement commerce équitable"
"27","Alexis Affranchi chanteur musicien"
"28","forme tendances salon fitness 2009 machines appareil sportwear coach stars danse salsa cubaine hip-hop house"
"29","oliviaruiz chronique interview panique album chanteuse musique art"
"30","festival soirée photos Cannes cinéma acteurs soirées marches tapis rouge people stars hotel palme films"
"31","Sliimy pop anglaise chanteur album musique"
"32","night clubbing club boite VIPROOM Jean-Roch interview Cannes Festival"
"33","Sarah Marshall Jean-Claude Jitrois Cannes Festival Marches cinéma interview beautésouvenirs coiffure Frank Provost"
"34","Frank provost Beauté astuces Cannes coiffure festival stars coiffeur"
"35","Ariane Brodier cinéma Cannes festival interview"
"36","musique chanteurs groupe reportage Tings tings Paris"
"37","chronique cinéma Hérisson josiane Balasko"
"38","lascars cinéma film bd"
"39","soleil été Aysat single cité"
"40","Colbie Caillat interview musique"
"41","musique classique voix de daia"
"42","musique french pop babablan"
"43","margaux motin bande dessinée bd Maé illustrateurs"
"44","Frank Dubosc spectacle one man show comique"
"45","chanson musique Marie Espinosa comédienne"
"46","dance poledance sport fun ludique sexy sensuel barre"
"47","comique humour Charlotte Marin Elodie Fregé"
"48","soirée christian audigier people ed hardy réaumur showroom"
"49","comique humour cartouche people stars Marie Claude Pietragalla"
"50","soirée inauguration site internet glamour rétro ladyflo trucdenana"
"51","anorexie anorexique maladie maigreur psychologie poids kilos"
"52","julie julia chronique film meryl streep amy adams"
"53","oslo swan chanteur artiste on my way myspace"
"54","Musique"
"55","petit nicolas gosciny livre cinéma film valérie lemercier"
"56","corneille chanson chanteur musique"
"57","alexis hk clip maison ronchonchon music musique"
"58","vanessa paradis vidéos clip johnny depp"
"59","marie espinosa démarrante"
"60","tire larigot micmacs cinéma"
"62","tokio hotel musique chanteurs groupe"
"63"," pièce théâtre comique drôle yaacobi leidental humour teaser bande annonce paul lapierre juliette tresanini thibaut gonzalez séduction amour"
"64","vidéo alain chabat mathilde seigner trésor chien animal"
"65","Manu Larrouy chanteur artiste musique musicien"
"66","fiona gellin chronique vidéo interview artiste musique chanteuse"
"67","musique Agnès Jaoui El Quintet Oficial  Dans mon pays"
"68","madjo musique chanteuse musicienne"
"69","musique justin nozuka artiste chanteur concert people interview"
"71","robe sexy, tenue de soirée, tenue sexy, érotique, coquine"
"72","United state of the pop 2009 Black Eyed Peas Lady Gaga Jason Mraz Beyonce Flo Rida"
"73","Fabrice Luchini Point sur Robert Perceval gallois comedie humour theatre dvd cinema acteur"
"74","Ed Laurie Small boat big sea Sortie 2 novembre 2009"
"75","musique clip Nataf"
"76","give me the use site clip musique groupe rock"
"77","musique chanteuse Yara Lapidus"
"78","musique elfy ka star academy chanteuse clip coulisses enregistrement"
"80","la princesse et la grenouille avant première"
"81","la princesse et la grenouille avant première"
"82","Avant Première Mondiale Londres cinéma film Jude Law SHERLOCK HOLMES"
"83","chronique BB Brunes jeunes groupe rock garçons"
"84","défilé Christophe Josse couture collection printemps-été 2010"
"85","stanislas chanteur musique chanson"
"89","Mind & Body fitness first"
"88","TAL la musique est mon ange"
"90","yoga, hatha yoga, yoga ashtanga, méditation, relaxation"
"91","bodyjam LesMills danse night nuit clubbing Pompadour"
"92","Paris Love John Travolta Jonathan Rhys Meyer"
"93","film John Travolta cinéma chronique Paris Love"
"94","chanteur musique album single Thierry Cham retour"
"95","film cinéma LE MAC José Garcia"
"96","rose sang catherine major musique chanteuse"
"97","cinéma chronique interview François Xavier Demaison Benoit Magimel film sans laisser traces Grégoire Vigneron"
"98","Barbara Bui automne-hiver 2010 collection mode cuir cuissardes rock"
"99","mode tendance défilé JC Castelbajac automne-hiver 2010"
"100","sida maladie danse bodyjam dance4Life"
"101","film cinéma Bus Palladium canal"
"102","chanteur musique David Hallyday Laura Smet duo album peur enfants stars  frère soeur musicien"
"103","cinéma film journaliste adaptation bande dessinée Adèle Blanc Sec Luc Besson Louise Bourgoin Gilles Lellouche Mathieu Amalric"
"104","film Téhéran Iran cinéma révolution  Nader Homayoun"
"105","cinéma film Jennifer Aniston Le Chasseur de Primes The Bounty Hunter gerard Butler drôle fun comique comédie action"
"106","Franck"
"107","festival créateurs mode fashion défilé Dinard international"
"108","samuel etienne sfr flip video"
"109","Love Neighbours Swedish Babe Dabid Guetto Sheep Bells Jérémy Alexis William clip Paris France Bang close eyes Rabbit"
"110","festival jeunes créateurs adriana Karembeu top model mannequin"
"111","dinard festival créateurs elodie gossuin miss france"
"112","Bobby Bazini nouvelle star québec  chanteur adolescente"
"113","mia frye chorégraphe danseuse people festival dinard"
"114","Iron man film bande-annonce action aventure comics héros tony Stark Robert Downey Gwyneth Paltrow Scarlett Johansson"
"115",
"116",
"117","Europavox festival musique Clermont-ferrand"
"120","cannes festival bande annonce 2010 cinéma télévision film"
"119","cinéma Apprenti Sorcier Nicolas Cage film bande annonce teaser"
"121","You musique clip hate skull Romuald Boivin Jose Reis Fontao Stuck the sound chien David fontao Douglas Cavanna kuskus Générique production Arno delord Frank Seiler Jerome Combe"
"122","bande annonce humour animation mike aventure eddie alain chabat ogre fiona murphy shrek diaz cameron myers extrait"
"123","David hallyday Martini Cannes Soirées"
"124",
"125","Cannes  festival tapis rouge cinéma  actrices Delphine  Chanéac émission  film  Velvet  damour  ferme  célébrités via uno robe accessoires  combinaison chaussures  réalisatrice montée  marches"
"128","soirées Cannes festival  Jean-Roch night VIP ROOM villa schweppes  divine  comédie valérie  Damidot  nunettes trucdenana justine  andanson pauline  lefévre beigbeder"
"127","Canitrot Michael  Cannes  2010  Trucdenana soirées ROBIN  bois tapis rouge happy paris"
"129","Eric Naulleau cannes trucdenana audigier soirée cannoises émission littérature"
"130","PARTY 2010 Valery Zeitoun Scissor sisters fire with brown Leave Cheryl Cole words Maiysha Alchemy"
"131","Invictus Clint Eastwood Morgan Freeman Rubgy Afrique Sud Nelson Mandela 1995 Coupe Monde"
"132","bande annonce humour animation mike aventure eddie alain chabat ogre fiona murphy shrek diaz cameron myers extrait"
"133","bande annonce humour animation mike aventure eddie alain chabat ogre fiona chat potté ane murphy shrek diaz cameron myers"
"134","Shrek etait Forever After une fin film movie Mike Mitchell Cameron Diaz Eddie Murphy Antonio Banderas bande annonce trailer teaser video clip extrait"
"135","sécurité routière vidéo jeunes alcool sang blessure prévention cyclomoteur deux roues campane casque gant blouson scootxprience"
"136","beauté glamour Cannes Franck Provost hôtel 1835 maquillage coiffure festival gloss lumière lumineux"
"137","mode festival défilé fashion tendance Cannes christophe Guillarmé Petites marque robes"
"138"," cannes trattoria cuisine roberta nacmias san pellegrino italienne italie chef mozzarella"
"139","Jessica biel interview conférence presse cinéma film agence tous risques maison Liam Neeson Bradley Cooper Sharlto Copley Quinton Rampage Jackson "
"140","MCS BIENETRE BOOTCAMP TRAINING FITNESS SALON MONDIAL 2010 SPORT JUSTIN ANDANSON STRETCHING ARMY MACHAINSPORT BIEN ETRE"
"141","Valentines Day Julia Roberts Jessica Alba Anne Hathaway Biel Jennifer Garner Bradley Cooper  Jamie   Foxx  Patrick  Dempsey Ashton Kutcher DVD"
"142","santé maman bébé sophrologie massage zen stress nourrisson"
"143","meilleurs amis monde film "
"144","Franck Dubosc spectacle extraits comique artiste "
"145","semi precious lady gaga paris shopping musique bijoux"
"146","lautre monde Louise bourgoin Cinéma Bande-annonce Thriller Film"
"147","Volvo Subject60 Tour naughty sorties Europe voiture vidéo"
"148","musique Boxon duo acoustique Valentin Michael Jones"
"149","girl squash love sexy short skirt ball monster hey pop indie rock clip story were not meant last play game jeu plaisir compétition"
"150","Salt Angelina Jolie Cinéma Interview"
"151","Clip officiel extrait album About Love chanteuses groupe français rock pop plasticines"
"152","Dernier Exorcisme religion diable dieu prêtre film cinéma horreur"
"153","rock seine groupe canadien Damned If I do Ya"
"154","Kev Adams Pranzo Palais Glaces comique comédien"
"155","humour kev adams comique comédien onemanshow interview séducttion conseils filles mecs amour"
"156","humour kev adams comique comédien onemanshow interview séduction conseils filles mecs amour humouriste"
"157","Leslie Trucdenana Pokora recherche album Bonheur Emi"
"162","citadium oeil mystere street culture rue quincampoix magasin mode paris nicolas ullman"
"159","Casting ELITE Shooting Studio photos finalistes mannequins"
"161","Parisienne Course septembre 2010 lutte cancer sein course des femmes France entrainement départ demande mariage"
"163","Casting ELITE Model Tour finale jeudi septembre 2010"
"164","Melissmell musique album voix chanson française femme féminine artiste clip vidéo"
"165","Piranha Alexandre Aja Jerry OConnell Kelly Brook Horreur Peur Carnage"
"166","défilé mode agence Elite Look fashion tendance France mannequins modèles "
"170","hommes dieux sabrina ouazani xavier Beauvois festival cannes moines"
"169","quentin mosimann technoparade 2010 le loft"
"167","selah sue raggamuffin music musique clip video because soul rnb reggae ragga patrice cee-lo green gnarls"
"172","Megamind animation comédie super hérosKad Merad Franck Dubosc Géraldine Nakache Brad Pitt Will Ferrell Tina Fey Jonah Hill"
"173","Gregg Araki Thomas Dekker roxane mesquida festival Cannes film bande annonce cinema compétition officielle Haley Bennett Chris Zylka Juno Temple Nicole LaLiberte"
"174","Gregg Araki Thomas Dekker roxane mesquida festival Cannes film bande annonce cinema compétition officielle Haley Bennett Chris Zylka Juno Temple Nicole LaLiberte"
"175","Marithé François Girbaud jeans Exposition Maitre Toile Galerie Canessa Paris"
"176","carine roitfeld fashion week Paul and Joe"
"177","Campagne publicitaire cancer sein 2010 Zoé Felix actrice mannequin Marcello Boldrini"
"182","jackass bande annonce Johnny Knoxville"
"178","Paul&Joe défilé catwalk été printemps 2011 combinaison longue short fluidité sandales"
"179","jackass 3D film torture box-office Johnny Knoxville équipe records"
"180","BRUNES INTERVIEW EP vinyle mecs garçons rock français chansons anglais chanteurs musique pop groupe"
"181","SPA THALASSO DJERBA Hôtel Parkinn resort Radisson blu"
"183","Romain Duris Eric Lartigau Marina Foïs homme vivre vie Douglas Kennedy roman film cinéma"
"184","forme minceur sport jeu vidéo ea sports active grégory capra coach coaching"
"185","série musique Hannah Montana Forever révélation disney channel"
"186","Dexter Morgan Michael Hall Jennifer Carpenter Erik King James Manos Julie Benz"
"187","violens violent sensation descends friendly fire recordings static recital amoral alejandro cardenas music video"
"188","Kat Deluna inside out party clock lectrices trucdenana chanteuse fan star people célébrités"
"189","Zabou Breitman Julie-Marie Parmentier Antonin Chalon Nina Rodriguez moi drame sans-abris"
"190","Pâtisserie Fashion Alexandre Herchcovitch Café Paix BRIC"
"191","aroline costa EMI christina Aguilera Incroyable Talent"
"192","mode fashion tendances Lanvin collection automne-hiver 2010 23 novembre H&M"
"193","osez féminisme mix-cité collectif français contre viol cfcv olf patric jean Frédérique Pollet Rouyer"
"194","eds nus sur les limaces Fabienne Berthaud Diane Kruger Ludivine Sagnier Cinéma"
"195","cinéma Romain Duris dessin animé RAIPONCE Isabelle Adjani Maeva Méline Walt Disney"
"196","Ludivine SAGNIER Denis MENOCHET Fabienne BERTHAUD CANNES 2010 vodmania court-métrage long-métrage"
"197","vidéo danse Sh'bam hiphop r'n'b salsa danser rythme forme sport minceur Lesmills"
"198","SH'BAM Les MILLS dance floor salles gym danse fitness ryrhmes branchés forme"
"199","NAFNAF évènement rêve réalisait robe princesse boutique Champs Elysées nafnaf.fr"
"200","vidéo cinéma Jean Dujardin Nicole Garcia "
"201","family tripes gourmand vidéo hachis parmentier queue boeuf oignons recette cuisine "
"202","solidarité réveillon campagne solidaire"
"203","mon beau-père nous moi mes parents making cinéma bande annonce vidéos Robert Niro Ben Stiller Owen Wilson Dustin Hoffman Jessica Alba Harvey Keitel Laura Dern"
"204","justin bieber chanteur adolescent never say bande annnoce vidéo cinéma musique concert"
"205","douane voyage vidéo"
"206","Discours roi The King Speech film movie Tom Hooper Colin Firth Geoffrey Rush Helena Bohnam Carter Guy Pearce Derek Jacobi bande annonce trailer teaser video clip extrait"
"207","abdo, ventre plat, "
"208","viva and the diva sir alice daquet maxime delpierre arnaud roulin marc kerr frederic soulard maria magdalena kanika langlois tobias brahmst kki k-ki vjing vjk-ki futur les airs vif lesairsavif"
"209","Booba Caesar Palace Lunatic rappeur rap chanson musique"
"210","comédie Harrison Ford Rachel McAdams Diane Keaton Patrick Wilson Michell"
"211","défilé lingerie Etam maillot bain Natalia Vodianova mannequin Grand Palais Gossip Kate Moss invités people star Joey Starr Beth Ditto"
"212","éfilé lingerie Etam maillot bain Natalia Vodianova mannequin Grand Palais Gossip invités people star son musique Beth Ditto"
"213","défilé lingerie Etam maillot bain Natalia Vodianova mannequin Grand Palais invités Joey Starr people star son musique"
"214","régime, equilibre alimentaire"
"215","sexfriends cinéma bande annonce vidéos Ivan Reitman Natalie Portman Ashton Kutcher Cary Elwes Kevin Klyne Strings Attached film"
"216","Gnomeo Juliette scène balcon WaltDisneyStudiosFR"
"217","justin bieber never say bande annonce vidéo cinéma musique concert"
"218","torse nu, coach sportif, exercice  sportif"
"219","ends cinéma bande annonce vidéos Ivan Reitman Natalie Portman Ashton Kutcher Cary Elwes Kevin Klyne Strings Attached"
"220","stin bieber never say bande annonce vidéo cinéma musique concert jon chu"
"221","27 heures bande annonce trailer danny boyle james franco sport extreme histoire vraie"
"222","rango film bande annonce animation johnny gore depp fisher isla verbinski paramount"
"223","concours, kev adams, star, humour"
"224","viva diva musique groupe alice"
"225","bien être, alimentation équilibrée, maigrir, beauté, coach sportif"
"226","John Moore Spring Design Inspiration Clothes Fashion Insight Quiksilver Girls"
"227","Chanteuse Prince Miiaou musique clip  Fill The Blank With Your Own Emptiness"
"228","Eisblume"
"229","massage ayurvédique"
"230","poisson avril 1er blagues perdre vidéo drôle blague Hugo Velcrou ilm insolite comique 10minutesaperdre sketch humour parodie cinema "
"231","sport, coach sportif paris, clément"
"232","chaussettes jeu concours OhMySocks tournage fashion bas preppy cadeaux lots"
"233","Disney Disneyland célébrités famille"
"234","jogging voiture course femme joggeuse coureuse new balance challenge Paris écologie sport environnement"
"235",
"237","Chanteuse Prince Miiaou musique clip deux yeux Fill The Blank With Your Own Emptiness"
"240","Cannes festival teaser bande annonce film cinéma"
"239","bijoux, bijoux créateur, bijoux artisanaux"
"241","Jamie Fox Jude Law Bradley Cooper Owen Wilson Vanessa Hudgens Quincy Jones actrice productrice américaine origine portoricaine indienne Rosario Dawson jean Roch Cannes VIP ROOM soirée duran duran groupe concert"
"243","Johnny Depp fans Pirates caraïbes"
"244","Chanel Tale Fairy Karl Lagerfeld Anna Mouglalis Kristen McMenamy Freja Beha Amanda Harlech"
"245","Cars2 Cars voitures cinéma film Disney Pixar Guillaume Canet Cécile France Gilles Lellouche"
"246","coach sportif, david getta"
"248","défilé catwalk Christophe Josse reportage fashion week automne-hiver Avantgardists TV mariage mariée robe "
"249","mode fashion site walldress streetstyle look astuces conseils stars people célébrités mannequins modèles it-girls boutique "
"250","SMOKING SMOKING chanson musique Aaron clip"
"251","Paris Plage quais Seine été vacances"
"252"," shortboard longboard surf vague surfair Thomas Lussac Vice-Championne Monde Coline Ménard Biarritz gonflable"
"253","Hush Hush Becca Fitzpatrick"
"255","chanteuse Tal r'n'b r&b français"
"256","chaperon rouge bo film dvd thriller américain "
"257","guerre est déclarée valérie donzelli jérémie elkaïm film cannes cinéma "
"316","Orange Rockcorps Association solidarité Imany Nadéah"
"267","crazy stupid love film cinéma steve carell ryan gosling emma stone julianne moore "
"268","chat potté puss boots dreamworks film teaser"
"269","autolib' automobile Bolloré citadine voiture libre-service"
"270","Jean Dujardin Artist Bérénice Béjo film Prix interprétation masculine"
"271","MrSunshine Sunshine friends orange ciné série drôle comique fun Matthew Perry"
"272","John Galliano Taylor Momsen Parlez-moi D'Amour "
"273","Alinéa décoration déco objets accessoires mobilier publicité"
"274","film amour fantastique cinéma twilight conte couple adolescentes Hideaways"
"275","H&M Dragon tattoo collection vêtements "
"276","Bella Edward Jacob Vampire Twilight film cinéma bande annonce Révélation Robert Pattinson Kristen Stewart Taylor Lautner  fantastique Romance saga amour"
"277","Air musique Cartier luxe bijoux accessoire court-métrage art publicité"
"278","vitrines Printemps Haussmann Noël Karl Lagerfeld Chanel"
"279","mannequin Victoria Secret Angel lingerie top model chanson chant Noël Jingle Bells"
"280","collection h&m mode tatoo coulisses shooting photos"
"281","Instyler fer lisser lissage boucler cheveux coiffure coiffeur conseils astuces"
"282","camp entrainement bootcamp commando militaire"
"283","ski préparation surf snowboard glisse montagne sport forme bien-être"
"284","ski préparation surf snowboard glisse montagne sport forme bien-être"
"285","ski préparation surf snowboard glisse montagne sport forme bien-être"
"286","ski préparation surf snowboard glisse montagne sport forme bien-être"
"287","Cheval Guerre Steven Spielberg réalisateur acteur Niels Arestrup film cinéma avant-première"
"288","Roberto Cavalli parfum nouveauté nouveau séduction glamour actrice Elisa Sednaoui égérie"
"289",
"290","voiture occasion Experveo internet web pratique"
"291","spectacle comique drôle café théâtre Laurent Gérard JT"
"292","artiste chanson chanteur musicien guitare ESTHER Julien Calot  "
"295","Nuit Jeunes gens Louis Aragon David Enhco Trompette Julien Derouault Poésie danse Thomas Pianio violon Malik Berki Electro hip hop Mise scène Marie-Claude Pietragalla Costumes Johanna Hilaire diables verts"
"294",
"296","forme Grégory Capra coaching coach bien-être bootcamp militaire pompier"
"297","vraie fourrure animaux lutter furcoat torture couture mode"
"298","Féminisme féministe résolutions Bref parodie égalité drôle comique campagne"
"299","emmanuelle alt vogue site vidéo rédactrice chef "
"300","beauté make up line making-of collection maquillage produits"
"301","mode fashion American Vintage vêtements look tendance style"
"302","Bruno Solo Rallye Gazelles Aicha parrain édition"
"303","parisiens vidéo little Paris parisiennes buzz"
"304","despina ricci official clip album chanson musique electro pop people célébrité acteur kad merad antoine decaunes pierre lescure zinedine soualem dani marina patrick braoudé pascal legitimus"
"305","Chloé défilé automne hiver 2012 2013 fashion week"
"306","nameless musique groupe chanteurs Bref série"
"307","Film Claude François CloClo cinéma Jérémie Renier chanteur biopic Benoit Magimel Florent Emilio-Siri "
"308","violences conjugales femme femmes enfants maman journée 8mars"
"309","IKKS Nadéah égérie chanteuse australienne "
"310","salon mondial body fitness Porte Versailles cours danse zumba lesmills BodyPump"
"311","belles coeurs théâtre rond point paris québec canada femme "
"312","Rire festival elles Amandine Gay comique"
"313","Valentine REVEL rire vidéo comédienne Elles théâtre"
"314","Rallye Gazelles Aïcha Maroc équipe féminin voiture course solidarité féminine équipage"
"315","nadia roz video rire elle festival gagnante emilie chartier "
"317","eric tibusch défilé collection mode printemps été 2012"
"318","trailer bande annonce featurette leonardo dicaprio kate winslet titanic starline new york southampton 3D avatar james cameron coeur océan épave iceberg amour"
"319","marilyn monroe film cinéma week michelle williams "
"320","Cristina Cordula relooking relookeuse M6 livre rondes conseils astuces shopping"
"321","lapin oeufs Pâques poule chocolats Roger Federer tennis Lindt"
"322","comédie théâtre légères filtre filles nanas comédienne Jean-Luc Lemoine drôle teasers comique"
"323","comédie théâtre légères filtre filles nanas comédienne Jean-Luc Lemoine drôle teasers comique"
"324","théâtre Annabelle anorexie anorexique maladie mise scène"
"325","Jean-Luc Melenchon candidat présidentiel élections présidentielles Victoire vidéo drôle comique parodie"
"327","tic tac vidéo publicité avril 2012 haleine drole"
"328","coach de star, coach sportif paris"
"329","Tippexperience 2 ours chasseur hunter bear publicité varil 2012"
"330","Pamela Hute chanteuse musique chansons artiste"
"331","vidéo youtube élections vote présidentielles 2012 "
"332","fashion against aids h&m 2012 faa mode"
"333","Juliette Katz chanteuse artiste musicienne française ronde mannequin grande taille chanson Sia TrucdeNana site internet féminin "
"334"," mascaras rimmel Gemey Maybelline Revlon Clinique Bourjois regard yeux cils tutorial journée soirée \"home made\" \"software tutorial\""
"335","film cinéma pathé vidéo bande annonce Francis Ford Coppola Val Kilmer vampires vampire tuer Elle Fanning Ben Chaplin mystère meurtre fantôme"
"336","maman famille film comédie humour noir soeurs kidnapper Alexandra Leclère Josiane Balasko Mathilde Seigner Marina Foïs "
"337","go sport défense performance danse"
"338","nicki minaj publicité pepsi"
"340","vidéo gonzague président république humour buzz"
"341","parisiens voiture vidéo little miss paris autolib"
"342","recette équilibrée saine cabillaud été"
"343","concours art vintage"
"344","coiffure, artvintagegallery, extensions, cheveux 3D Coiffure"
"345","artvintagegallery vanity case gold  Zebra mysalonlooks coiffure lisseur coffret plaques concours beauté cheveux"
"346","cannes festival 65 2012 bande annonce canal plus"
"347","karl lagerfeld mode versailles mannequin fashion"
"348","Thomas Verovski Divan Monde concert musique chanteur  compositeur interprète scène"
"349","montée marches Cannes festival cannois cannoise"
"350","garance doré dior tokyo japon kawaï sac voyage séjour"
"351","plats dîner tarte chèvre radis sésame herbes frais savoureux gourmand"
"352","kerouac film festival cannes compétition"
"353","sida aides dépistage maladie omar sy publicité "
"354","film compétition cannes certain regard albert dupontel gérard depardieu benoir poelvoorde gustave kerven benoit delépine"
"355","cannes festival palme d'or haneke trintignant film amour"
"356","orange rockcorps musique live palais royal paris bénévolat"
"357","musique Mathieu Neil chanteur musicien"
"358","bande annonce cinéma film fabrice luchini jourdan lucente cochet comédie"
"359","seignosse bourdaines surf surfeuse compétition plage soleil sud ouest"
"360","art vintage gallery beauté actu youtube concours"
"361","Jason Priestley télévision dvd saison Call Fitz"
"362","barre chocolat publicité spot shopping bag course"
"363","nadeah ben mazué vidéo musique clip"
"364","swatch girls pro trucdenana courtney conlogue alana blanchard pauline ado justine dupont surfeuses surf surfeuse"
"365","katherine heigl film comédie action dvd américain 2012"
"366","vidéo film caméra cachée rue métro parc café femmes sptembre 2012"
"367","saut plongeons soleil vidéo "
"368","événement capitale éphémère atelier éclair soirée notre dame 2012"
"369","musique intimiste titre album mai lan easy zémaria zemaria remix wagram sheitan kourtrajmé kourtrajme auguri  pop folk"
"370","parfum be iconic bb saint tropez 2012 été"
"371","redbull red bull évenement musique danse fête battle beat Paris Opéra danseurs élite danseur bataille"
"372","Carly Rae Jepsen chanson teaser new york été 2012"
"373","musique, sarah, toi, moi, amitier"
"374","secrets astuces conseils cheveux capillaires Fabien Franck provost festival cannes"
"376","beauté couleurs coloriste conseils astuces cheveux Christophe Robin"
"392","blake lively gucci égérie icone parfum essence premiere"
"393","mode fashion dépôt vintage boutique friperie tendances"
"378","film cinéma action hollywood homme araignée andrew garfield emma stone"
"379","like virgin Madonna Madone chanteuse concert Berlin"
"380","lancome glamour betty boop daria werbowy film mascara"
"381","Tryo groupe musique clip green album chanson tube"
"382","Taylor Kitsch John Carter film cinéma rencontre interview"
"383","rebelle disney pixar 3d dessin animé cinéma princesse"
"384","better life chris weitz demian bichir film vod m6 summit entertainment mexicain immigré illégal los angeles luis carlos oscar"
"385","lucienne adopte mec pub roux barbu mignon tatoué vidéo homme"
"386","microtrottoir fun drôle peau mec homme vie femme avis opinion 24h funny interview rue street"
"387","film comédie romantique été alice taglioni paris manhattan patrick bruel"
"388","karl lagerfeld maquillage collection novembre 2012 shu uemura japonais make up"
"390","christopher nolan film teaser batman sortie box office triologie"
"391","Orange Rock Corps tu donnes tu reçois musique association jeune volontariat concert zénith paris juillet 2012"
"394","agent provocateur monica cruz publicité égérie lingerie glamour sexy"
"395","Bootcamp Pompadour fitness clubmed sport forme commando survivor épreuves vacances stage mincir"
"396","Rihanna Oprah Winfrey Chris Brown show interview star people chanteuse musique"
"397","styliste Ivan Bitton hollywood star célébrité people interview mode fashion confidences Paris Hilton tapis rouge red carpet selena gomez Fergie"
"398","film pete doherty charlotte gainsbourg sylvie Verheyde époque cinéma"
"399","big dance forme activités danse cours fitness"
"400","my little paris parisien été rentrée septembre 2012 vidéo"
"401","chef cuisine recette légère light topchef grégory cuilleron diner parfait"
"402","Bérengère Krief humour Parisienne conseils fun humeur"
"403","ongles, les ongles, sticker, nail art, nail-art, capsule, french, gel, décor, caping, entretien, main, pied, vernis, couleur, manucure, pédicure, decor ongle, faux ongles, deco ongle, ongle pas cher"
"404","forme bien-être sport danse natation eau piscine aquarythmo activité sportive"
"405","clip Lilly Wood Prick Lillywoodandtheprick court-métrage groupe musique nouveauté vidéo"
"407","ongles beauté manucure vernis gel nait art gel couleur"
"408","jardins bagatelle love green festival Paris Boulogne musique rock ambiance sorties"
"409","danse danseuses Three Leader groupe artistes"
"410","teaser mode fashion défilé grand monde septembre Galeries lafayette"
"411","eau parfum beauté Balenciaga FLORABOTANICA Kristen Stewart Robert Pattinson"
"412","Speedo Swim Tour natation expérience"
"413","sexy sweaters sweat jennyfer tumblr fashion tendance automne hiver collection capsule"
"414","vidéo humour manu mais pas trop été"
"415","Christian Louboutin chaussures souliers escarpin cendrillon princesse disney documentaire making-off interview créateur"
"416","jogging chaussettes teaser forme sport Karine Ferri animatrice"
"417","dior collection chaussure automne hiver 2012 2013 pub campagne paris"
"418","mode fashion défilé paris galeries lafayette"
"419","Fashion Week Anna Dello Russo H&M HM vidéo soirée party"
"420","Trocvestiaire vestiaire mode vêtements vente site troc échanger"
"421","Future fashion Now fashionweek parisienne mode"
"422","Lady Gaga Fame vidéo publicité film Steven Klein campagne"
"423","vidéo humour disney princess new york hipster geek"
"425","adele skyfall film james bond musique bande sonore"
"426","dior lunette soleil été 2013 campagne pub"
"427","elle fanning actrice premier parfum lolita lempicka clip vidéo pub nouveau yoann lemoine"
"428","maquillage astuces conseils Chanel maquilleuse"
"429","brad pitt vidéo publicité chanel parfum nouveau"
"430","pièce théâtre teaser sortie mâle mal comédiennes culture scène Turbil"
"431","paranormal activity peur film cinéma movie saga contenu extrait horreur"
"432","Eric Tibusch créateur designer prêt-à-porter pap haute couture mode fashion tendances"
"433","Charlotte Marin chant one woman show rire drôle"
"434","Couture Maison Martin Margiela H&M événement collaboration fashion mode tendance style soirée people célébrités luxe jeunes marque"
"435","OPI vernis ongles instinct color cheval danse C2C"
"436","alex hepburn stop fucking arounf clip vidéo youtube musique rock"
"437","volpone pièce théâtre madeleine Ben Jonson Nicolas Briançon"
"438","Ambassadeurs soirée chaos 2099 fin monde Paris sorties Kaopolis"
"439","règles enceinte contraception enceinte loi gouvernement associations"
"440","Dance talent finalistes shake disney channel"
"441","asos charlotte free vêtement fashion réduction hiver noël"
"442","boys noize concert live dj set cigale paris novembre"
"443","bain boue femmes nanas course Fisherman's Friend fun insolite drôle"
"444","journal Anne Frank Francis Huster acteur comédien Roxane Duran planches théâtre pièce"
"446","rock pop blues var paca voodoo toulon concert album magazine rock&folk émergeant groupe"
"447","rihanna diamonds clip vidéo musique youtube"
"448","traversée film Michaël Youn Fanny Valette Emilie Duquenne Jérôme Cornuau interview acteur comédiens actrice"
"449","Anne Hathaway paradie série phénomène Homeland rôle rôle Claire Danes"
"450","zemaria musique instant lover groupe vidéo clip youtube past2 fifa13"
"451","Azealia Banks vidéo rappeuse américaine Asos Noël"
"452","xavier demaison gad elmaleh franck dubosc mondes ralph disney vidéo film cinéma comédie"
"453","épilation, cire jetable, pose ongles, pose de capsules, french, manucure, manicure, pose de gel,ongles naturel, entretien ongles, décor, création décors, vernis permanent, gel couleur, caping pieds, modelage corporel, modelage californien, modelage suédoi"
"454","Audrey Lamy Brad Pitt Chanel marque luxe française"
"455","Tatavel humoriste drôle fun comique scène acteur comédien standup Sylvain Vanstaevel"
"456","Ellie Goulding égérie campagne Noël ASOS interactif"
"457","Twilight Révélation Robert Pattinson Kristen Stewart Taylor Lautner vampire vampires"
"458","Florence Foresti jadore Dior publicité parodie comique humour fun décalé"
"459","cadeaux Noël Dawanda faits main DIY do it yourself tendances sociétales"
"460","Florence Foresti parodie imitation imite comique humoriste juge Danse Stars Jean-Marc Généreux"
"463","humoriste Franck Dubosc Vestiaire Collective "
"466","box HapsatouSy Crazy Bag beauté idée cadeau"
"467","tutoriel tutorial maquillage coiffure conseils astuces Katherine Pierce Elena double série Vampire Diaries épisodes Warner iTunes"
"468","nailpatchme nail patch ongles manucure vernis tutorial tutoriel"
"484","coiffure hairstyle headband accessoire bijoux fêtes techniques coiffeur cheveux Cerises Mars"
"470","LADI6 chanteuse pop soul nouveauté Liberation musique Nouvelle- Zélande"
"471","Gad Elmaleh Bref équipe Mobile Film Festival téléphone portable"
"472","norman fait des vidéos masturbation masculine féminine youtube"
"475","maillots défilé Miss France 2013 2012 élection Marine Lorphelin MissBourgogne"
"476",
"477","drôle fun humour humoriste Yacine Belhouse jamel"
"478","maquillage Bourjois make-up conseils astuces preppy"
"479","Lustre Pure Light Acné boutons comédons complexes adolescence peau problèmes imperfections traitement médical lumière bleu naturelle lumineuse"
"480","fun drôle noël Humour Famille Cadeau Noël Escort cam webcam christmas 2012 camweb"
"483","youtube stars chanteurs vidéo clip artistes groupe gangnam style"
"485","maquillage make-up conseils astuces Max Herlant smoky eyes regard yeux bouche mordue lèvres"
"486","femme sexy 2012 compilation top classement glamour"
"487","trucdenana eric tibusch réveillon robe idéale préparation fête trouver conseil"
"488","drôle fun comédie humour légère filtre cigarette woman show"
"489","galette rois Epiphanie Arnaud Delmontel frangipane feuilletage"
"490","Kim Kardashian enceinte grossesse"
"491","Beyoncé chanteuse Rihanna nue dénudée sexy GQ magazine"
"492","one direction musique groupe vidéo clip kiss you"
"493","people magazine désiré star Ryan Gosling homme mec"
"494","cinéma ciné films comme frères Nicolas Duvauchelle Pierre Ninez Hugo Gelin François-Xavier Demaison Mélanie Thierry Revolver"
"495","tresse natte cheveux coiffure people beauté tapis rouge star"
"496","vêtement enfant échange site mode éthique équitable vidéo youtube film"
"497","Rihanna campagne publicitaire publicité Barbade clip ambassadrice île pays"
"498","Katie Holmes sexy femme monde élue élection millénaire"
"499","home Phillip Phillips vidéo american idol pop musique tub titre"
"500","Leonardo Dicaprio acteur pause carrière break films environnement fatigue"
"501","défilé fashion week printemps été 2013 Chanel Paris Karl Lagerfeld"
"502","yves saint laurent couture champagne Henri Giraud Didier Ludot"
"503","victoria secret swim 2013 maillot bain collection marron vidéo publicité"
"505","adaptation roman érotique érotisme 50 shades grey fifty cinquante nuances Ryan Gosling Mila Kunis  Michael Bay Bret Easton Ellis Alexis Bledel Matt Bomer"
"506","nutrition conseils astuces alimentation bien-être régime micro-trottoir pratiques adopter"
"507","cisco berenice collection printemps été 2013 making of coulisse shooting"
"508","adaptation roman érotique érotisme 50 shades grey fifty cinquante nuances Alexis Bledel Matt Bomer"
"509","recette crêpes crêpe farine blé sucre semoule oeufs noisette février chandeleur fête"
"510","micro trottoir parisiennes programme belles fesses fesses bombées affiner hanches"
"511","Compagnie Pietragalla-Derouault monsieur madame rêve spectacle danse contemporaine grand rex paris"
"512","Penélope Cruz Monica soeurs grossesse bébé enfant enceinte maroquinerie espagnole Loewe égérie Javier Bardem "
"513","david beckham vidéo h&m sous vêtement homme pub"
"514","Shakira Milan bébé enfant accouché Gerard Piqué"
"515","marc jacobs coca cola light publicité dénudé vidéo"
"516","cinéma film chronique interview Virginie Efira Alex Goude hôtel Transylvaie"
"517","saint valentin vidéo studio bagel ludovik film restaurant drôle divertissement humour"
"518","collection haute couture Eric Tibusch couturier designer printemps été sexy sensualité"
"519","stvalentin Saint-Valentin mannequin Victori Secret New-York people amour soirée coquine sexy sensuelle romantique star vip"
"520","solitude saint-valentin stvalentin 14février amour restaurant fun vidéo"
"521","Matt Bomer Neal Caffrey too sexy beau gosse homme acteur"
"522","sexy mec homme publicité stvalentin coca-cola light"
"523","gnagnam style reprise remix acoustique jumelles Jayesslee youtube vidéo musique"
"524","hiphop danse rencontre internationale compétition Bercy"
"525","lady gaga tournée concert chanteuse blessure hanche"
"526","Norman vidéos cinéma fun drôle film Maurice Barthelemy"
"527","sublimes créatures film cinéma bande annonce twilight Lena Ethan adolescents"
"528","série working girls canal+ canal création originale entreprise femmes"
"529","Camille redouble film César 2013 cinéma ciné extrait"
"530","oscars 2013 Césars cinéma film"
"531","harlem shake original vidéo youtube buzz"
"532","Oscar cérémonie film cinéma Oscars actrices tapis rouge"
"533","epilation, épilation montbeliard, epilation belfort, épilation pas cher, épilation pas cher montbeliard, épilation pas cher belfort, épialtion sourcils, épilations aisselles, epilation jambes, épilation maillot, maillot intégral, maillot semi integral, ép"
"534","massage, bien etre, relaxation, salon de massage, salon massage, massage thai, shiatsu, massage thailandais, huile de massage, massage californien, institut de massage, institut massage, massage chinois, centre de massage, massage relaxation, massage nuru"
"535","mode fashion tendance New-York Victoria Beckham défilé"
"536","relation sexuelle point powerpoint comique drôle humeur fun"
"537","Interview Mickaël Miro chanteur Nouvel album temps sourires chanson musique"
"538","look Chattawak collection printemps-été printemps été 2013 mode marque fashion tendance"
"539","Mobile Film Festival Gad ELMALEH gagnants lauréats"
"540","Elite model look casting mannequins France 2013"
"541","nabilla mais allo quoi vidéo ange téléréalité buzz bruce willis"
"542","mode fashion tendance shopping zara shopping georgia secret"
"543","spring breakers film Harmony Korine disney avis critique Vanessa Hudgens Selena Gomez James Franco"
"544","film Disney cinéma James Franco Monde Fantastique Oz Mila Kunis Michelle Williams Rachel Weisz"
"545","belles fesses, fesses bombées, affiner les hanches, fesses été"
"546","Kim Kardashian soin visage Sang vampire twilight émission télé réalité"
"547","norman fait des vidéos youtube prendre l'avion humour"
"548","Femme lesbienne bisexuelle bisexualité Hétérosexualité fantasme Sex expérience Lesbisch sexualité attirance séduction séduire"
"549","No film coup coeur cinéma ciné chronique sorties Pablo Larrain Gael Garcia Bernal politique Chili"
"550","http://i2.ytimg.com/vi/u6CICDLbVfo/mqdefault.jpg"
"551","beyonce h&m hm campagne été 2013"
"552","taxibeat taxi application astuce bon plan voiture Paris"
"553","festival femmes Mêlent musique scène tournée concert rock pop music"
"554","Ghd Sèche-cheveux beauté coiffure lisseur lissage lisser GHD eclipse"
"555","kavinsky dj français french touch électro musique outrun drive son"
"556","pâques recette oeufs chocolat sucre chocolat gourmande"
"557","Bourjois vernis box San Marina chaussures mode beauté actualité bon plan shopping marque"
"558","lingerie Simone Perele sous-vêtements mode fashion créatrice créateur tendance shopping collection printemps été 2013"
"559","mode fashion miss égérie cindy delphine laury La Halle chaussure accessoires"
"560","Debby Ryan Série Disney Channel Jessie TV Programme chaine mercredi"
"561","forme fitness reebok tenue basket vêtements sportwear collection"
"563","chronique film Amour Turbulences"
"564","Talon Clip Beauté Mode Chaussure Fashion Talon "
"565","girls camweb bipolarité bipolaire personnalité star people"
"566","Elite Model Look casting modèles mannequins finalistes photos Casting vidéo"
"569","PSY Corée Gangnam Style Gentleman Clip Vidéo Musique Music Song Corée"
"570","Phoenix Musique Album Bankrupt! Music Song Chanson Pop Rock iTunes "
"571","justine bieber cannabis drogue consommation polémique vidéo"
"568","Daft Punk Random Access Memory Pharell Williams musique electro funk groove french touch France"
"572","suricate princes charmants vidéo humour comédie"
"573","Guillaume Lorentz Macklemore HeyCrew Danse La meilleure danse 2012 M6 concours compétition danseurs groupes team buzz vidéo"
"574","Stoker Nicole Kidman Mia Wasikowska Park Chan-Wook Old Boy  Matthew Goode"
"575","bensimon collection printemps été 2013 vidéo sunshine"
"576","Asanda Jezile Brintain's Got Talent Rihanna Beyoncé Danse Chant Music Star Scène Jeu "
"577","andy phrases rupture vidéo nana buzz signification"
"579","How To Get Girls To Kiss You vidéo buzz embrasser fille youtube"
"580","Sous Surveillance Robert Redford Shia LaBoeuf Société Sorties Cinéma Thriller Action Film Movie Hollywood"
"581","Aaron Simon Buret Jessica Palud film réalisatrice acteur chanteur duo cinéma sortie scène music"
"582","Vanessa Paradis Love Song Album Sorties Charts Johnny Depp Lily-Rose"
"584","Gatsby Magnifique Sélection Festival Cannes 2013 Leonardo Dicaprio Carey Mulligan Tobey McGuire Acteur Actrice Ouvrture Bar Luhrmann"
"585","Welcome to New York Abel Ferrara Gérard Depardieu film Bande Annonce Festival de Cannes 2013"
"586","Paris Hilton festival Cannes 2013 cinéma montée marches"
"587","François Ozon Marine Vacht Jeune et Jolie Film Festival de Cannes 2013 sélection officielle "
